Target_PMUT,N_train,Regime,Regime_Name,Step_Type,Approach,Model,Full_MAE,Full_R2,ROI_MAE,ROI_R2
2,1,1,Regime 1 (1–2),within,Vector,RF,0.462314,-11527.742,0.463342,-19422.6119
2,1,1,Regime 1 (1–2),within,Vector,GB,0.462314,-11527.742,0.463342,-19422.6119
2,1,1,Regime 1 (1–2),within,Vector,MLP,0.490164,-12976.3215,0.491702,-21901.9216
2,1,1,Regime 1 (1–2),within,Vector,Physics,0.462309,-11527.1313,0.464749,-19539.2854
2,1,1,Regime 1 (1–2),within,Pointwise,RF,0.462313,-11527.6749,0.463352,-19423.3859
2,1,1,Regime 1 (1–2),within,Pointwise,GB,0.462314,-11527.7264,0.463346,-19422.9673
2,1,1,Regime 1 (1–2),within,Pointwise,MLP,0.462479,-11535.4107,0.464161,-19490.1049
2,1,1,Regime 1 (1–2),within,Pointwise,Physics,0.462309,-11527.1313,0.464749,-19539.2854
3,2,1,Regime 1 (1–2),cross,Vector,RF,0.223393,-1737.8972,0.234011,-2402.6232
3,2,1,Regime 1 (1–2),cross,Vector,GB,0.096263,-322.1635,0.104432,-478.1554
3,2,1,Regime 1 (1–2),cross,Vector,MLP,0.036252,-46.2763,0.048659,-104.8065
3,2,1,Regime 1 (1–2),cross,Vector,Physics,0.223126,-1734.0658,0.241088,-2550.508
3,2,1,Regime 1 (1–2),cross,Pointwise,RF,0.096258,-322.1243,0.104443,-478.2693
3,2,1,Regime 1 (1–2),cross,Pointwise,GB,0.096278,-322.2723,0.105011,-483.5211
3,2,1,Regime 1 (1–2),cross,Pointwise,MLP,0.05007,-87.1179,0.034098,-51.011
3,2,1,Regime 1 (1–2),cross,Pointwise,Physics,0.223126,-1734.0658,0.241088,-2550.508
4,1,2,Regime 2 (3–11),within,Vector,RF,0.006029,-0.2889,0.006252,-0.7101
4,1,2,Regime 2 (3–11),within,Vector,GB,0.006029,-0.2889,0.006252,-0.7101
4,1,2,Regime 2 (3–11),within,Vector,MLP,0.006337,-0.6762,0.005632,-0.9083
4,1,2,Regime 2 (3–11),within,Vector,Physics,0.006029,-1.2756,0.024349,-25.9282
4,1,2,Regime 2 (3–11),within,Pointwise,RF,0.006029,-0.289,0.006258,-0.7144
4,1,2,Regime 2 (3–11),within,Pointwise,GB,0.006029,-0.2891,0.006293,-0.7341
4,1,2,Regime 2 (3–11),within,Pointwise,MLP,0.006008,-0.2843,0.006302,-0.7721
4,1,2,Regime 2 (3–11),within,Pointwise,Physics,0.006029,-1.2756,0.024349,-25.9282
5,2,2,Regime 2 (3–11),within,Vector,RF,0.004671,0.2207,0.004829,-0.0141
5,2,2,Regime 2 (3–11),within,Vector,GB,0.003013,0.6744,0.003108,0.5767
5,2,2,Regime 2 (3–11),within,Vector,MLP,0.018636,-14.4214,0.034647,-53.9951
5,2,2,Regime 2 (3–11),within,Vector,Physics,0.004671,-0.7672,0.023083,-23.0417
5,2,2,Regime 2 (3–11),within,Pointwise,RF,0.003013,0.6741,0.003111,0.5725
5,2,2,Regime 2 (3–11),within,Pointwise,GB,0.003022,0.6715,0.003162,0.5567
5,2,2,Regime 2 (3–11),within,Pointwise,MLP,0.092988,-308.4052,0.075871,-249.0081
5,2,2,Regime 2 (3–11),within,Pointwise,Physics,0.004671,-0.7672,0.023083,-23.0417
6,3,2,Regime 2 (3–11),within,Vector,RF,0.003027,0.6738,0.003123,0.5863
6,3,2,Regime 2 (3–11),within,Vector,GB,0.001852,0.8779,0.00191,0.8455
6,3,2,Regime 2 (3–11),within,Vector,MLP,0.011702,-5.6686,0.023387,-23.8919
6,3,2,Regime 2 (3–11),within,Vector,Physics,0.003227,-0.3208,0.021497,-19.5624
6,3,2,Regime 2 (3–11),within,Pointwise,RF,0.001864,0.8763,0.002033,0.8248
6,3,2,Regime 2 (3–11),within,Pointwise,GB,0.001862,0.8739,0.001713,0.8566
6,3,2,Regime 2 (3–11),within,Pointwise,MLP,0.023481,-19.2869,0.022353,-20.66
6,3,2,Regime 2 (3–11),within,Pointwise,Physics,0.003227,-0.3208,0.021497,-19.5624
7,4,2,Regime 2 (3–11),within,Vector,RF,0.002051,0.8518,0.002162,0.8037
7,4,2,Regime 2 (3–11),within,Vector,GB,0.001134,0.9547,0.001216,0.9377
7,4,2,Regime 2 (3–11),within,Vector,MLP,0.010459,-4.3526,0.021061,-19.1449
7,4,2,Regime 2 (3–11),within,Vector,Physics,0.002783,-0.146,0.020604,-17.8145
7,4,2,Regime 2 (3–11),within,Pointwise,RF,0.00115,0.9533,0.001385,0.9191
7,4,2,Regime 2 (3–11),within,Pointwise,GB,0.001164,0.9488,0.001058,0.9255
7,4,2,Regime 2 (3–11),within,Pointwise,MLP,0.008808,-2.2179,0.009648,-3.0891
7,4,2,Regime 2 (3–11),within,Pointwise,Physics,0.002783,-0.146,0.020604,-17.8145
8,5,2,Regime 2 (3–11),within,Vector,RF,0.001456,0.9268,0.001573,0.8966
8,5,2,Regime 2 (3–11),within,Vector,GB,0.000926,0.9704,0.001012,0.9569
8,5,2,Regime 2 (3–11),within,Vector,MLP,0.009677,-3.6284,0.019653,-16.3973
8,5,2,Regime 2 (3–11),within,Vector,Physics,0.002858,-0.0727,0.020095,-16.7484
8,5,2,Regime 2 (3–11),within,Pointwise,RF,0.000944,0.9691,0.001192,0.9407
8,5,2,Regime 2 (3–11),within,Pointwise,GB,0.000976,0.9635,0.000866,0.946
8,5,2,Regime 2 (3–11),within,Pointwise,MLP,0.004609,-0.3164,0.006758,-1.0886
8,5,2,Regime 2 (3–11),within,Pointwise,Physics,0.002858,-0.0727,0.020095,-16.7484
9,6,2,Regime 2 (3–11),within,Vector,RF,0.001129,0.951,0.001454,0.8908
9,6,2,Regime 2 (3–11),within,Vector,GB,0.000801,0.9741,0.001429,0.902
9,6,2,Regime 2 (3–11),within,Vector,MLP,0.008841,-3.1477,0.017829,-14.3097
9,6,2,Regime 2 (3–11),within,Vector,Physics,0.002881,-0.0411,0.019085,-15.7261
9,6,2,Regime 2 (3–11),within,Pointwise,RF,0.000808,0.9733,0.001479,0.8932
9,6,2,Regime 2 (3–11),within,Pointwise,GB,0.000818,0.9718,0.001475,0.8955
9,6,2,Regime 2 (3–11),within,Pointwise,MLP,0.005543,-0.979,0.006202,-1.5358
9,6,2,Regime 2 (3–11),within,Pointwise,Physics,0.002881,-0.0411,0.019085,-15.7261
10,7,2,Regime 2 (3–11),within,Vector,RF,0.000724,0.9809,0.000716,0.9755
10,7,2,Regime 2 (3–11),within,Vector,GB,0.000424,0.9933,0.00056,0.9841
10,7,2,Regime 2 (3–11),within,Vector,MLP,0.00872,-2.9191,0.017372,-13.0451
10,7,2,Regime 2 (3–11),within,Vector,Physics,0.002975,-0.0186,0.018876,-15.0462
10,7,2,Regime 2 (3–11),within,Pointwise,RF,0.00043,0.9932,0.000603,0.9843
10,7,2,Regime 2 (3–11),within,Pointwise,GB,0.000489,0.9878,0.001035,0.9335
10,7,2,Regime 2 (3–11),within,Pointwise,MLP,0.003267,0.3317,0.004438,0.014
10,7,2,Regime 2 (3–11),within,Pointwise,Physics,0.002975,-0.0186,0.018876,-15.0462
11,8,2,Regime 2 (3–11),within,Vector,RF,0.000655,0.9848,0.000803,0.9718
11,8,2,Regime 2 (3–11),within,Vector,GB,0.000385,0.9945,0.000546,0.984
11,8,2,Regime 2 (3–11),within,Vector,MLP,0.008347,-2.5448,0.016726,-11.7607
11,8,2,Regime 2 (3–11),within,Vector,Physics,0.00302,-0.015,0.018963,-14.902
11,8,2,Regime 2 (3–11),within,Pointwise,RF,0.000403,0.9939,0.00066,0.9787
11,8,2,Regime 2 (3–11),within,Pointwise,GB,0.000438,0.9893,0.000903,0.9463
11,8,2,Regime 2 (3–11),within,Pointwise,MLP,0.002337,0.6959,0.002722,0.6025
11,8,2,Regime 2 (3–11),within,Pointwise,Physics,0.00302,-0.015,0.018963,-14.902
12,9,2,Regime 2 (3–11),cross,Vector,RF,0.005813,-0.2377,0.005807,-0.5633
12,9,2,Regime 2 (3–11),cross,Vector,GB,0.005619,-0.1593,0.005565,-0.4507
12,9,2,Regime 2 (3–11),cross,Vector,MLP,0.005096,-0.5289,0.010753,-5.4942
12,9,2,Regime 2 (3–11),cross,Vector,Physics,0.005813,-1.2073,0.024118,-25.7925
12,9,2,Regime 2 (3–11),cross,Pointwise,RF,0.005637,-0.1661,0.005684,-0.5076
12,9,2,Regime 2 (3–11),cross,Pointwise,GB,0.005673,-0.1842,0.005977,-0.6992
12,9,2,Regime 2 (3–11),cross,Pointwise,MLP,0.004414,0.24,0.00482,-0.0988
12,9,2,Regime 2 (3–11),cross,Pointwise,Physics,0.005813,-1.2073,0.024118,-25.7925
13,1,3,Regime 3 (12–16),within,Vector,RF,5.1e-05,0.9997,0.000304,0.9951
13,1,3,Regime 3 (12–16),within,Vector,GB,5.1e-05,0.9997,0.000304,0.9951
13,1,3,Regime 3 (12–16),within,Vector,MLP,0.002663,0.6258,0.002504,0.6092
13,1,3,Regime 3 (12–16),within,Vector,Physics,0.003208,-0.0,0.018488,-15.3538
13,1,3,Regime 3 (12–16),within,Pointwise,RF,4.1e-05,0.9998,0.000216,0.9974
13,1,3,Regime 3 (12–16),within,Pointwise,GB,7e-05,0.9994,0.000324,0.9941
13,1,3,Regime 3 (12–16),within,Pointwise,MLP,0.000282,0.9926,0.000957,0.9476
13,1,3,Regime 3 (12–16),within,Pointwise,Physics,0.003208,-0.0,0.018488,-15.3538
14,2,3,Regime 3 (12–16),within,Vector,RF,4.2e-05,0.9998,0.000142,0.9984
14,2,3,Regime 3 (12–16),within,Vector,GB,4.1e-05,0.9999,0.000112,0.9993
14,2,3,Regime 3 (12–16),within,Vector,MLP,0.030799,-36.54,0.048089,-106.0319
14,2,3,Regime 3 (12–16),within,Vector,Physics,0.003197,-0.0,0.018601,-15.4949
14,2,3,Regime 3 (12–16),within,Pointwise,RF,4.1e-05,0.9999,0.000128,0.9989
14,2,3,Regime 3 (12–16),within,Pointwise,GB,7e-05,0.9995,0.000226,0.9965
14,2,3,Regime 3 (12–16),within,Pointwise,MLP,0.126492,-594.5342,0.127113,-724.1292
14,2,3,Regime 3 (12–16),within,Pointwise,Physics,0.003197,-0.0,0.018601,-15.4949
15,3,3,Regime 3 (12–16),within,Vector,RF,0.000166,0.9979,0.000609,0.9776
15,3,3,Regime 3 (12–16),within,Vector,GB,0.000158,0.9982,0.000584,0.9801
15,3,3,Regime 3 (12–16),within,Vector,MLP,0.017167,-11.5571,0.028368,-36.0037
15,3,3,Regime 3 (12–16),within,Vector,Physics,0.003149,-0.0007,0.0188,-15.4844
15,3,3,Regime 3 (12–16),within,Pointwise,RF,0.000161,0.998,0.000595,0.9785
15,3,3,Regime 3 (12–16),within,Pointwise,GB,0.000178,0.9974,0.000686,0.9731
15,3,3,Regime 3 (12–16),within,Pointwise,MLP,0.013462,-7.7372,0.01313,-7.7474
15,3,3,Regime 3 (12–16),within,Pointwise,Physics,0.003149,-0.0007,0.0188,-15.4844
16,4,3,Regime 3 (12–16),within,Vector,RF,0.00011,0.9992,0.000377,0.9917
16,4,3,Regime 3 (12–16),within,Vector,GB,5.5e-05,0.9998,0.000159,0.9986
16,4,3,Regime 3 (12–16),within,Vector,MLP,0.013653,-7.5184,0.023586,-24.9963
16,4,3,Regime 3 (12–16),within,Vector,Physics,0.003176,-0.0003,0.018742,-15.4328
16,4,3,Regime 3 (12–16),within,Pointwise,RF,7.3e-05,0.9995,0.000314,0.9943
16,4,3,Regime 3 (12–16),within,Pointwise,GB,8.6e-05,0.9993,0.000364,0.9925
16,4,3,Regime 3 (12–16),within,Pointwise,MLP,0.006327,-1.4615,0.008284,-2.2772
16,4,3,Regime 3 (12–16),within,Pointwise,Physics,0.003176,-0.0003,0.018742,-15.4328
