Target_PMUT,N_train,Approach,Model,Full_MAE,Full_R2,ROI_MAE,ROI_R2
3,2,Vector,RF,0.223393,-1737.8972,0.234011,-2402.6232
3,2,Vector,GB,0.096263,-322.1635,0.104432,-478.1554
3,2,Vector,MLP,0.036252,-46.2763,0.048659,-104.8065
3,2,Vector,Physics,0.223126,-1734.0658,0.241088,-2550.508
3,2,Pointwise,RF,0.096258,-322.1243,0.104443,-478.2693
3,2,Pointwise,GB,0.096278,-322.2723,0.105011,-483.5211
3,2,Pointwise,MLP,0.05007,-87.1179,0.034098,-51.011
3,2,Pointwise,Physics,0.223126,-1734.0658,0.241088,-2550.508
4,3,Vector,RF,0.053012,-97.6992,0.056176,-137.0867
4,3,Vector,GB,0.006034,-0.2914,0.006258,-0.7134
4,3,Vector,MLP,0.006146,-0.8809,0.008343,-3.1654
4,3,Vector,Physics,0.05298,-98.5003,0.0713,-222.3285
4,3,Pointwise,RF,0.006029,-0.289,0.006257,-0.7139
4,3,Pointwise,GB,0.006077,-0.3298,0.007761,-1.8465
4,3,Pointwise,MLP,0.033585,-39.5677,0.019667,-16.9124
4,3,Pointwise,Physics,0.05298,-98.5003,0.0713,-222.3285
5,4,Vector,RF,0.012914,-4.8862,0.013756,-7.1984
5,4,Vector,GB,0.003017,0.6735,0.003113,0.5755
5,4,Vector,MLP,0.020608,-14.6304,0.020519,-18.1239
5,4,Vector,Physics,0.012915,-5.8651,0.031327,-42.4388
5,4,Pointwise,RF,0.003014,0.674,0.003115,0.5713
5,4,Pointwise,GB,0.003073,0.6524,0.003157,0.5177
5,4,Pointwise,MLP,0.002917,0.3629,0.012463,-6.6775
5,4,Pointwise,Physics,0.012915,-5.8651,0.031327,-42.4388
6,5,Vector,RF,0.004231,0.3669,0.004419,0.1722
6,5,Vector,GB,0.001857,0.8773,0.001914,0.8447
6,5,Vector,MLP,0.007533,-1.3543,0.004127,0.0333
6,5,Vector,Physics,0.004253,-0.6267,0.022701,-21.815
6,5,Pointwise,RF,0.001865,0.8761,0.002053,0.8212
6,5,Pointwise,GB,0.001932,0.8544,0.002763,0.5786
6,5,Pointwise,MLP,0.005244,-0.2379,0.005591,-0.9853
6,5,Pointwise,Physics,0.004253,-0.6267,0.022701,-21.815
7,6,Vector,RF,0.001942,0.8671,0.00205,0.8234
7,6,Vector,GB,0.001138,0.9544,0.001221,0.9372
7,6,Vector,MLP,0.002891,0.5584,0.005052,-0.4688
7,6,Vector,Physics,0.002782,-0.1309,0.020495,-17.6265
7,6,Pointwise,RF,0.00115,0.9533,0.001386,0.9191
7,6,Pointwise,GB,0.001229,0.9375,0.001813,0.7933
7,6,Pointwise,MLP,0.003179,0.3739,0.008996,-3.3261
7,6,Pointwise,Physics,0.002782,-0.1309,0.020495,-17.6265
8,7,Vector,RF,0.001434,0.929,0.001552,0.8992
8,7,Vector,GB,0.00093,0.9701,0.001017,0.9565
8,7,Vector,MLP,0.002833,0.5398,0.007245,-1.4977
8,7,Vector,Physics,0.002861,-0.0705,0.020073,-16.7117
8,7,Pointwise,RF,0.000943,0.9691,0.001187,0.9411
8,7,Pointwise,GB,0.001041,0.9543,0.001915,0.792
8,7,Pointwise,MLP,0.002216,0.4418,0.013463,-7.4869
8,7,Pointwise,Physics,0.002861,-0.0705,0.020073,-16.7117
9,8,Vector,RF,0.00128,0.9373,0.001478,0.881
9,8,Vector,GB,0.000805,0.9738,0.001429,0.9019
9,8,Vector,MLP,0.003893,0.1608,0.009753,-3.6405
9,8,Vector,Physics,0.002854,-0.0548,0.01925,-15.9992
9,8,Pointwise,RF,0.000807,0.9734,0.001479,0.8934
9,8,Pointwise,GB,0.000881,0.9659,0.001418,0.9
9,8,Pointwise,MLP,0.003025,0.4227,0.00811,-2.7533
9,8,Pointwise,Physics,0.002854,-0.0548,0.01925,-15.9992
10,9,Vector,RF,0.000795,0.9771,0.000807,0.9707
10,9,Vector,GB,0.000428,0.9932,0.000562,0.984
10,9,Vector,MLP,0.004332,0.0983,0.009157,-2.8107
10,9,Vector,Physics,0.002958,-0.0224,0.018947,-15.1596
10,9,Pointwise,RF,0.00043,0.9933,0.000593,0.9849
10,9,Pointwise,GB,0.000598,0.9751,0.001995,0.7299
10,9,Pointwise,MLP,0.003443,0.3842,0.008525,-2.9458
10,9,Pointwise,Physics,0.002958,-0.0224,0.018947,-15.1596
11,10,Vector,RF,0.000655,0.9847,0.000827,0.9689
11,10,Vector,GB,0.00039,0.9943,0.000554,0.9835
11,10,Vector,MLP,0.004527,0.0394,0.009231,-2.7923
11,10,Vector,Physics,0.00302,-0.015,0.018963,-14.902
11,10,Pointwise,RF,0.000404,0.9938,0.000665,0.9783
11,10,Pointwise,GB,0.00054,0.9819,0.001596,0.8358
11,10,Pointwise,MLP,0.002133,0.6286,0.009121,-3.233
11,10,Pointwise,Physics,0.00302,-0.015,0.018963,-14.902
12,11,Vector,RF,0.005818,-0.2395,0.005815,-0.5662
12,11,Vector,GB,0.005624,-0.1613,0.005576,-0.4549
12,11,Vector,MLP,0.00262,0.6353,0.002891,0.3689
12,11,Vector,Physics,0.005818,-1.2094,0.024123,-25.8032
12,11,Pointwise,RF,0.005638,-0.1665,0.0057,-0.5133
12,11,Pointwise,GB,0.005778,-0.2259,0.006597,-1.0126
12,11,Pointwise,MLP,0.004646,-0.1204,0.014135,-8.6302
12,11,Pointwise,Physics,0.005818,-1.2094,0.024123,-25.8032
13,12,Vector,RF,0.001781,0.8849,0.001826,0.8498
13,12,Vector,GB,5.1e-05,0.9997,0.00031,0.9948
13,12,Vector,MLP,0.002121,0.7408,0.004294,-0.2083
13,12,Vector,Physics,0.002757,-0.1129,0.020271,-18.4581
13,12,Pointwise,RF,4e-05,0.9998,0.000211,0.9975
13,12,Pointwise,GB,0.000405,0.9855,0.001591,0.8195
13,12,Pointwise,MLP,0.007027,-1.0202,0.004579,-0.3655
13,12,Pointwise,Physics,0.002757,-0.1129,0.020271,-18.4581
14,13,Vector,RF,0.000448,0.9928,0.000547,0.9863
14,13,Vector,GB,4.2e-05,0.9999,0.00012,0.9991
14,13,Vector,MLP,0.003869,0.2982,0.006425,-1.1492
14,13,Vector,Physics,0.002998,-0.0071,0.01902,-16.2009
14,13,Pointwise,RF,4.2e-05,0.9999,0.000135,0.9988
14,13,Pointwise,GB,0.000355,0.9911,0.000993,0.9152
14,13,Pointwise,MLP,0.002928,0.5237,0.008198,-2.7485
14,13,Pointwise,Physics,0.002998,-0.0071,0.01902,-16.2009
15,14,Vector,RF,0.000222,0.9972,0.000607,0.9762
15,14,Vector,GB,0.000161,0.9981,0.000588,0.9795
15,14,Vector,MLP,0.003922,0.296,0.006121,-0.8549
15,14,Vector,Physics,0.003118,-0.0015,0.018863,-15.5884
15,14,Pointwise,RF,0.000161,0.998,0.000594,0.9785
15,14,Pointwise,GB,0.00036,0.9893,0.001293,0.8803
15,14,Pointwise,MLP,0.002254,0.6405,0.008035,-2.6106
15,14,Pointwise,Physics,0.003118,-0.0015,0.018863,-15.5884
16,15,Vector,RF,0.00011,0.9992,0.000384,0.9915
16,15,Vector,GB,6e-05,0.9998,0.000173,0.9983
16,15,Vector,MLP,0.003617,0.4081,0.005183,-0.3469
16,15,Vector,Physics,0.003176,-0.0003,0.018742,-15.4328
16,15,Pointwise,RF,7.3e-05,0.9995,0.000306,0.9947
16,15,Pointwise,GB,0.000325,0.9919,0.001112,0.9119
16,15,Pointwise,MLP,0.002045,0.6598,0.008131,-2.6319
16,15,Pointwise,Physics,0.003176,-0.0003,0.018742,-15.4328
